<?xml version="1.0" encoding="UTF-8"?>
<addon
  id="audioencoder.kodi.builtin.wma"
  version="1.0.2"
  name="WMA encoder"
  provider-name="spiff">
  <extension
    point="kodi.audioencoder"
    extension=".wma"
    library="dummy.so"/>
  <extension point="xbmc.addon.metadata">
    <platform>all</platform>
    <assets>
      <icon>icon.png</icon>
    </assets>
    <summary lang="be_BY">Кадавальнік WMA Audio</summary>
    <summary lang="bs_BA">WMA Audio Enkoder</summary>
    <summary lang="ca_ES">Codificador d&apos;àudio WMA</summary>
    <summary lang="cs_CZ">Enkodér zvuku WMA</summary>
    <summary lang="da_DK">WMA Lydindkoder</summary>
    <summary lang="de_DE">WMA Audio Encoder</summary>
    <summary lang="en_AU">WMA Audio Encoder</summary>
    <summary lang="en_GB">WMA Audio Encoder</summary>
    <summary lang="en_NZ">WMA Audio Encoder</summary>
    <summary lang="en_US">WMA Audio Encoder</summary>
    <summary lang="es_ES">Codificador de Audio WMA</summary>
    <summary lang="es_MX">Codificador de audio WMA</summary>
    <summary lang="fi_FI">WMA-äänikooderi</summary>
    <summary lang="fr_FR">Encodeur Audio WMA</summary>
    <summary lang="hr_HR">WMA enkôder zvuka</summary>
    <summary lang="hu_HU">WMA Audio Encoder</summary>
    <summary lang="id_ID">Encoder Audio WMA</summary>
    <summary lang="is_IS">WMA-hljóðkóðari</summary>
    <summary lang="it_IT">Codificatore audio WMA</summary>
    <summary lang="ko_KR">WMA 오디오 인코더</summary>
    <summary lang="nb_NO">WMA-lydkoder</summary>
    <summary lang="nl_NL">WMA Audio Encoder</summary>
    <summary lang="oc_FR">Encodador àudio WMA</summary>
    <summary lang="pl_PL">Koder dźwięku WMA</summary>
    <summary lang="pt_BR">Encode de áudio WMA</summary>
    <summary lang="ru_RU">Кодировщик аудио WMA</summary>
    <summary lang="sk_SK">Audio kodér WMA</summary>
    <summary lang="sv_SE">WMA Ljud Encoder</summary>
    <summary lang="tr_TR">WMA Ses Kodlayıcı</summary>
    <summary lang="zh_CN">WMA 音频编码器</summary>
    <description lang="be_BY">Windows Media Audio, гукавы фармат ад Microsoft.</description>
    <description lang="bs_BA">Windows Media Audio (WMA), Microsoftov format zvuka sa gubitkom.</description>
    <description lang="ca_ES">Windows Media Audio, el format d&apos;àudio amb pèrdua de Microsoft.</description>
    <description lang="cs_CZ">Windows Media Audio, ztrátový formát zvuku společnosti Microsoft.</description>
    <description lang="da_DK">Windows Media Audio, Microsofts kvalitetstabende lydformat.</description>
    <description lang="de_DE">Windows Media Audio, Microsofts verlustbehaftetes Audio-Format.</description>
    <description lang="en_AU">Windows Media Audio, Microsoft’s lossy audio format.</description>
    <description lang="en_GB">Windows Media Audio, Microsoft’s lossy audio format.</description>
    <description lang="en_NZ">Windows Media Audio, Microsoft’s lossy audio format.</description>
    <description lang="en_US">Windows Media Audio, Microsoft’s lossy audio format.</description>
    <description lang="es_ES">Windows Media Audio, el formato con pérdida de Microsoft.</description>
    <description lang="es_MX">Windows Media Audio, el formato de audio con pérdidas de Microsoft.</description>
    <description lang="fi_FI">Windows Media Audio, Microsoftin häviöllinen äänimuoto.</description>
    <description lang="fr_FR">Windows Media Audio, le format audio avec pertes de Microsoft.</description>
    <description lang="hr_HR">Windows Media Audio, Microsoftov zvučni format s gubitcima.</description>
    <description lang="hu_HU">Windows Media Audio, a Microsoft veszteséges hangformátuma.</description>
    <description lang="id_ID">Windows Media Audio, format audio lossy Microsoft.</description>
    <description lang="is_IS">Windows Media Audio, hljóðsnið frá Microsoft með gagnatapi.</description>
    <description lang="it_IT">Windows Media Audio, il formato audio con perdita di dati di Microsoft.</description>
    <description lang="ko_KR">Microsoft의 손실 오디오 형식인 Windows Media 오디오.</description>
    <description lang="nl_NL">Windows Media Audio, het verliesgevende audioformaat van Microsoft.</description>
    <description lang="oc_FR">Windows Media Audio, format àudio amb pèrda de Microsoft.</description>
    <description lang="pl_PL">Windows Media Audio, stratny format audio firmy Microsoft.</description>
    <description lang="pt_BR">Windows Media Audio, o formato de áudio com perdas da Microsoft.</description>
    <description lang="ru_RU">Windows Media Audio, звуковой формат с потерями от Microsoft.</description>
    <description lang="sk_SK">Windows Media Audio, stratový audio formát spoločnosti Microsoft.</description>
    <description lang="tr_TR">Windows Media Audio, Microsoft&apos;un kayıplı ses biçimi.</description>
    <description lang="zh_CN">Windows Media Audio，Microsoft 的有损压缩音频格式。</description>
  </extension>
</addon>
