<?xml version="1.0" encoding="UTF-8"?>
<addon
  id="audioencoder.kodi.builtin.aac"
  version="1.0.2"
  name="AAC encoder"
  provider-name="spiff">
  <extension
    point="kodi.audioencoder"
    extension=".m4a"
    library="dummy.so"/>
  <extension point="xbmc.addon.metadata">
    <platform>all</platform>
    <assets>
      <icon>icon.png</icon>
    </assets>
    <summary lang="be_BY">Кадавальнік AAC Audio</summary>
    <summary lang="bs_BA">AAC Audio Enkoder</summary>
    <summary lang="cs_CZ">Enkodér zvuku AAC</summary>
    <summary lang="da_DK">AAC Lydindkoder</summary>
    <summary lang="de_DE">AAC Audio Encoder</summary>
    <summary lang="en_AU">AAC Audio Encoder</summary>
    <summary lang="en_GB">AAC Audio Encoder</summary>
    <summary lang="en_NZ">AAC Audio Encoder</summary>
    <summary lang="en_US">AAC Audio Encoder</summary>
    <summary lang="es_ES">Codificador de Audio AAC</summary>
    <summary lang="es_MX">Codificador de audio AAC</summary>
    <summary lang="et_EE">AAC helikooder</summary>
    <summary lang="fi_FI">AAC-äänikooderi</summary>
    <summary lang="fr_FR">Encodeur Audio AAC</summary>
    <summary lang="hr_HR">AAC zvučni enkôder</summary>
    <summary lang="hu_HU">AAC Audio Encoder</summary>
    <summary lang="id_ID">Enkoder Audio AAC</summary>
    <summary lang="is_IS">AAC-hljóðkóðari</summary>
    <summary lang="it_IT">Codificatore audio AAC</summary>
    <summary lang="ko_KR">AAC 오디오 인코더</summary>
    <summary lang="nb_NO">AAC-lydkoder</summary>
    <summary lang="nl_NL">AAC Audio Encoder</summary>
    <summary lang="oc_FR">Encodador àudio AAC</summary>
    <summary lang="pl_PL">Koder dźwięku AAC</summary>
    <summary lang="pt_BR">Encoder de áudio AAC</summary>
    <summary lang="ru_RU">Кодировщик аудио AAC</summary>
    <summary lang="sk_SK">Audio kodér AAC</summary>
    <summary lang="sv_SE">AAC Ljud Encoder</summary>
    <summary lang="tr_TR">AAC Ses Kodlayıcı</summary>
    <summary lang="zh_CN">AAC 音频编码器</summary>
    <description lang="be_BY">AAC - набор кодакаў, распрацаваны для забеспячэння сціскання, лепшага за MP3, і ёсць палепшанымі версіямі аўдыё MPEG.</description>
    <description lang="bs_BA">AAC je skupina kodeka dizajnirana da pruži bolje sabijanje od MP3-a, te su poboljšane verzije MPEG audia.</description>
    <description lang="cs_CZ">AAC je sada kodeků navržených pro lepší kompresi než MP3 a obsahují zlepšení oproti zvuku MPEG.</description>
    <description lang="da_DK">AAC er et sæt codecs designet til at give bedre komprimering end MP3&apos;er og er forbedrede versioner af MPEG-lyd.</description>
    <description lang="de_DE">AAC ist eine Sammlung von Codecs mit einer besseren Komprimierung als MP3. Sie sind verbesserte Versionen von MPEG-Audio.</description>
    <description lang="en_AU">AAC is a set of codecs designed to provide better compression than MP3s, and are improved versions of MPEG audio.</description>
    <description lang="en_GB">AAC is a set of codecs designed to provide better compression than MP3s, and are improved versions of MPEG audio.</description>
    <description lang="en_NZ">AAC is a set of codecs designed to provide better compression than MP3s, and are improved versions of MPEG audio.</description>
    <description lang="en_US">AAC is a set of codecs designed to provide better compression than MP3s, and are improved versions of MPEG audio.</description>
    <description lang="es_ES">ACC es un conjunto de codificadores diseñados para comprimir mejor que MP3, y son versiones mejoradas de audio MPEG.</description>
    <description lang="es_MX">AAc es un conjunto de códecs diseñados para proveer mejor compresión que los MP3, y son versiones mejoradas de audio MPEG.</description>
    <description lang="et_EE">AAC on koodekite komplekt, mis on loodud pakkumaks paremat tihendamist kui MP3 ja on MPEG-heli täiustatud versioonid.</description>
    <description lang="fi_FI">AAC on joukko koodekkeja, jotka on suunniteltu tarjoamaan MP3-tiedostoja parempaa pakkausta kuin ja ne ovat parannettuja MPEG-äänen versioita.</description>
    <description lang="fr_FR">AAC est un ensemble de codecs conçus pour fournir une meilleur compression que le MP3, et sont des versions améliorés de MPEG audio.</description>
    <description lang="hr_HR">AAC je skup kôdeka dizajniranih za omogućavanje bolje kompresije od MP3 formata, te je poboljšana inačica MPEG zvuka.</description>
    <description lang="hu_HU">Az AAC az MP3 -oknál jobb tömörítést biztosító kodekkészlet, és az MPEG audió továbbfejlesztett változata</description>
    <description lang="id_ID">AAC adalah seperangkat codec yang dirancang untuk memberikan kompresi yang lebih baik daripada MP3, dan merupakan versi audio MPEG yang ditingkatkan.</description>
    <description lang="is_IS">AAC er sett af kóðunarlyklum sem hannaðir eru til að gefa betri þjöppun en MP3 og eru endurbættar útgáfur af MPEG-hljóði.</description>
    <description lang="it_IT">AAC è un insieme di codec progettati per fornire una compressione migliore rispetto agli MP3: sono versioni migliorate dell&apos;audio MPEG.</description>
    <description lang="ko_KR">AAC는 MP3보다 더 나은 압축을 제공하도록 설계된 코덱 세트이며 MPEG 오디오의 개선된 버전입니다.</description>
    <description lang="nl_NL">AAC is een set codecs die zijn ontworpen om een betere compressie te bieden dan MP3&apos;s, en zijn verbeterde versies van MPEG-audio.</description>
    <description lang="oc_FR">AAC es un ensem de codecs concebuts per fornir una compression melhora que ço dels MP3, e son de versions melhoradas de MPEG audio.</description>
    <description lang="pl_PL">AAC to zestaw kodeków zaprojektowanych w celu zapewnienia lepszej kompresji niż pliki MP3, są ulepszonymi wersjami audio MPEG.</description>
    <description lang="pt_BR">AAC é um conjunto de codecs projetado para fornecer melhor compactação do que MP3s e são versões aprimoradas de áudio MPEG.</description>
    <description lang="ru_RU">AAC - это набор кодеков, разработанных для обеспечения лучшего сжатия, чем MP3, и являющихся улучшенными версиями аудио MPEG.</description>
    <description lang="sk_SK">AAC je sada kodekov navrhnutých tak, aby poskytovali lepšiu kompresiu ako MP3 a sú vylepšenými verziami MPEG audia.</description>
    <description lang="tr_TR">AAC, MP3&apos;lerden daha iyi sıkıştırma sağlamak üzere tasarlanmış bir dizi codec bileşenleridir ve MPEG sesinin geliştirilmiş sürümleridir.</description>
    <description lang="zh_CN">AAC 是一组编解码器，旨在提供比 MP3 更好的压缩，是 MPEG 音频的改进版本。</description>
  </extension>
</addon>
